Workbook

Sheet Questions
A1: Q1. Change the Date Format to dd/mm/yyyy in Applications Tab
A2: Q2. Fill TL Name in Interview Sheet using Lookup Table
A3: Q3. Create round-wise counts: Candidate level (round wise counts per candidate) Recruiter level (how many candidates reached each round)
A4: Q4. Identify recruiter with highest rejection count AND rejection %
A5: Q5. Which recruiter performs the best in terms of placement
A6: Q6. Recruiters with low applications but high placement % Recruiters with high applications but low placement %
A7: Q7. Does source affects placement?
A8: Q8. Create time-based trend of: Interviews scheduled Placements over time
A9: Q9. Create a Dashboard in Data Studio(Looker studio) including: KPIs that are important according to you Funnel Analysis of Rounds and placement Chart for source performance Also identify the top 2 and bottom 2 recruiters (define criteria also, on the basis of what you are calculating)
A11: Finally: Make a Report in Google Doc, answering the above questions and Provide Top 2-3 actionable insights from the dataset and suggest recommendations to improve

Sheet Q3. Create round-wise counts 
A3: Count of Candidate Name | B3: Column Labels
A4: Row Labels | B4: 1st Round Interview | C4: 2nd Round Interview | D4: 3rd Round Interview | E4: Assessment | F4: One-Way-Interview | G4: Screening Call | H4: (blank) | I4: Grand Total
A5: Aastha | B5: 20 | C5: 19 | D5: 6 | E5: 17 | F5: 10 | G5: 39 | I5: 111
A6: Adarsh Kumar | B6: 8 | C6: 5 | D6: 1 | E6: 9 | F6: 1 | G6: 16 | I6: 40
A7: Akhil | B7: 14 | C7: 11 | D7: 11 | E7: 24 | F7: 2 | G7: 31 | I7: 93
A8: Anjali | B8: 8 | C8: 3 | D8: 4 | E8: 8 | F8: 1 | G8: 11 | I8: 35
A9: Ankit | B9: 3 | C9: 1 | D9: 2 | E9: 1 | G9: 3 | I9: 10
A10: Anuvab Chakraborty | B10: 6 | C10: 2 | D10: 2 | E10: 3 | F10: 2 | G10: 7 | I10: 22
A11: Ashar | B11: 14 | C11: 15 | D11: 6 | E11: 5 | F11: 7 | G11: 18 | I11: 65
A12: Bikash Kumar Jena | B12: 10 | C12: 7 | D12: 3 | E12: 5 | F12: 1 | G12: 9 | I12: 35
A13: Deepak | B13: 9 | C13: 4 | D13: 2 | E13: 9 | F13: 1 | G13: 8 | I13: 33
A14: Deepti | B14: 5 | D14: 1 | E14: 3 | F14: 1 | G14: 3 | I14: 13
A15: Faisal | B15: 3 | C15: 1 | E15: 3 | G15: 10 | I15: 17
A16: Heena | B16: 1 | C16: 1 | D16: 2 | E16: 1 | G16: 2 | I16: 7
A17: Jaimin Ray | B17: 3 | E17: 3 | G17: 4 | I17: 10
A18: Khushi | B18: 17 | C18: 13 | D18: 10 | E18: 17 | F18: 4 | G18: 26 | I18: 87
A19: Kunal Tak | B19: 5 | C19: 9 | D19: 3 | E19: 5 | F19: 3 | G19: 12 | I19: 37
A20: Mahi | B20: 3 | C20: 3 | D20: 1 | E20: 4 | G20: 5 | I20: 16
A21: Manish | B21: 22 | C21: 7 | D21: 10 | E21: 25 | F21: 2 | G21: 33 | I21: 99
A22: (blank)
A23: Grand Total | B23: 151 | C23: 101 | D23: 64 | E23: 142 | F23: 35 | G23: 237 | I23: 730

Sheet Q4. Identify recruiter with hig
A3: Count of Candidate Name | B3: Column Labels
A4: Row Labels | B4: Placed | C4: Rejected | D4: Selected | E4: blank | F4: Grand Total | G4: Rejection%
A5: Aastha | B5: 18 | C5: 17 | D5: 76 | F5: 111 | G5: =C5/F5 -> 0.15315315
A6: Adarsh Kumar | B6: 3 | C6: 19 | D6: 18 | F6: 40 | G6: =C6/F6 -> 0.475
A7: Akhil | B7: 38 | C7: 25 | D7: 30 | F7: 93 | G7: =C7/F7 -> 0.2688172
A8: Anjali | B8: 6 | C8: 12 | D8: 17 | F8: 35 | G8: =C8/F8 -> 0.34285714
A9: Ankit | B9: 2 | C9: 3 | D9: 5 | F9: 10 | G9: =C9/F9 -> 0.3
A10: Anuvab Chakraborty | B10: 4 | C10: 3 | D10: 15 | F10: 22 | G10: =C10/F10 -> 0.13636364
A11: Ashar | B11: 20 | C11: 15 | D11: 30 | F11: 65 | G11: =C11/F11 -> 0.23076923
A12: Bikash Kumar Jena | B12: 5 | C12: 6 | D12: 24 | F12: 35 | G12: =C12/F12 -> 0.17142857
A13: Deepak | B13: 12 | C13: 4 | D13: 17 | F13: 33 | G13: =C13/F13 -> 0.12121212
A14: Deepti | B14: 6 | D14: 7 | F14: 13 | G14: =C14/F14 -> 0
A15: Faisal | B15: 4 | C15: 3 | D15: 10 | F15: 17 | G15: =C15/F15 -> 0.17647059
A16: Heena | B16: 1 | C16: 2 | D16: 4 | F16: 7 | G16: =C16/F16 -> 0.28571429
A17: Jaimin Ray | B17: 1 | C17: 3 | D17: 6 | F17: 10 | G17: =C17/F17 -> 0.3
A18: Khushi | B18: 18 | C18: 15 | D18: 54 | F18: 87 | G18: =C18/F18 -> 0.17241379
A19: Kunal Tak | B19: 9 | C19: 9 | D19: 19 | F19: 37 | G19: =C19/F19 -> 0.24324324
A20: Mahi | B20: 2 | C20: 7 | D20: 7 | F20: 16 | G20: =C20/F20 -> 0.4375
A21: Manish | B21: 25 | C21: 26 | D21: 48 | F21: 99 | G21: =C21/F21 -> 0.26262626
A22: (blank)
A23: Grand Total | B23: 174 | C23: 169 | D23: 387 | F23: 730 | G23: =C23/F23 -> 0.23150685

Sheet Sheet4
A3: Count of Candidate Name | B3: Column Labels
A4: Row Labels | B4: Placed | C4: Rejected | D4: Selected | E4: (blank) | F4: Grand Total | G4: placemnet %
A5: Aastha | B5: 18 | C5: 17 | D5: 76 | F5: 111 | G5: =B5/F5 -> 0.16216216
A6: Adarsh Kumar | B6: 3 | C6: 19 | D6: 18 | F6: 40 | G6: =B6/F6 -> 0.075
A7: Akhil | B7: 38 | C7: 25 | D7: 30 | F7: 93 | G7: =B7/F7 -> 0.40860215
A8: Anjali | B8: 6 | C8: 12 | D8: 17 | F8: 35 | G8: =B8/F8 -> 0.17142857
A9: Ankit | B9: 2 | C9: 3 | D9: 5 | F9: 10 | G9: =B9/F9 -> 0.2
A10: Anuvab Chakraborty | B10: 4 | C10: 3 | D10: 15 | F10: 22 | G10: =B10/F10 -> 0.18181818
A11: Ashar | B11: 20 | C11: 15 | D11: 30 | F11: 65 | G11: =B11/F11 -> 0.30769231
A12: Bikash Kumar Jena | B12: 5 | C12: 6 | D12: 24 | F12: 35 | G12: =B12/F12 -> 0.14285714
A13: Deepak | B13: 12 | C13: 4 | D13: 17 | F13: 33 | G13: =B13/F13 -> 0.36363636
A14: Deepti | B14: 6 | D14: 7 | F14: 13 | G14: =B14/F14 -> 0.46153846
A15: Faisal | B15: 4 | C15: 3 | D15: 10 | F15: 17 | G15: =B15/F15 -> 0.23529412
A16: Heena | B16: 1 | C16: 2 | D16: 4 | F16: 7 | G16: =B16/F16 -> 0.14285714
A17: Jaimin Ray | B17: 1 | C17: 3 | D17: 6 | F17: 10 | G17: =B17/F17 -> 0.1
A18: Khushi | B18: 18 | C18: 15 | D18: 54 | F18: 87 | G18: =B18/F18 -> 0.20689655
A19: Kunal Tak | B19: 9 | C19: 9 | D19: 19 | F19: 37 | G19: =B19/F19 -> 0.24324324
A20: Mahi | B20: 2 | C20: 7 | D20: 7 | F20: 16 | G20: =B20/F20 -> 0.125
A21: Manish | B21: 25 | C21: 26 | D21: 48 | F21: 99 | G21: =B21/F21 -> 0.25252525
A22: (blank)
A23: Grand Total | B23: 174 | C23: 169 | D23: 387 | F23: 730 | G23: =B23/F23 -> 0.23835616

Sheet Sheet5
A3: Count of Candidate Name | B3: Column Labels
A4: Row Labels | B4: Placed | C4: Rejected | D4: Selected | E4: (blank) | F4: Grand Total | G4: Placemnet %
A5: LinkedIn | B5: 67 | C5: 63 | D5: 107 | F5: 237 | G5: =B5/F5 -> 0.28270042
A6: Naukri | B6: 31 | C6: 27 | D6: 70 | F6: 128 | G6: =B6/F6 -> 0.2421875
A7: Referral | B7: 58 | C7: 45 | D7: 141 | F7: 244 | G7: =B7/F7 -> 0.23770492
A8: Walk-in | B8: 13 | C8: 20 | D8: 46 | F8: 79 | G8: =B8/F8 -> 0.16455696
A9: Website | B9: 5 | C9: 14 | D9: 23 | F9: 42 | G9: =B9/F9 -> 0.11904762
A10: (blank)
A11: Grand Total | B11: 174 | C11: 169 | D11: 387 | F11: 730 | G11: =B11/F11 -> 0.23835616

Sheet Interview
A1: Received Date | B1: TL Name | C1: Recruiter Name | D1: Candidate Name | E1: Source | F1: Round | G1: Status
A2: 45746 | B2: =INDEX(Applications!B:B,MATCH(C2,Applications!C:C,0)) -> Arpit Khanna | C2: Ashar | D2: Neha Shaikh | E2: Walk-in | F2: Assessment | G2: Selected
A3: 45771 | B3: =INDEX(Applications!B:B,MATCH(C3,Applications!C:C,0)) -> Arpit Khanna | C3: Ashar | D3: Neha Shaikh | E3: LinkedIn | F3: 3rd Round Interview | G3: Selected
A4: 45747 | B4: =INDEX(Applications!B:B,MATCH(C4,Applications!C:C,0)) -> Arpit Khanna | C4: Ashar | D4: Neha Shaikh | E4: LinkedIn | F4: 2nd Round Interview | G4: Placed
A5: 45757 | B5: =INDEX(Applications!B:B,MATCH(C5,Applications!C:C,0)) -> Arpit Khanna | C5: Ashar | D5: Neha Shaikh | E5: Referral | F5: Screening Call | G5: Placed
A6: 45772 | B6: =INDEX(Applications!B:B,MATCH(C6,Applications!C:C,0)) -> Arpit Khanna | C6: Ashar | D6: Neha Shaikh | E6: Referral | F6: 1st Round Interview | G6: Placed
A7: 45773 | B7: =INDEX(Applications!B:B,MATCH(C7,Applications!C:C,0)) -> Arpit Khanna | C7: Ashar | D7: Neha Shaikh | E7: LinkedIn | F7: Screening Call | G7: Placed
A8: 45748 | B8: =INDEX(Applications!B:B,MATCH(C8,Applications!C:C,0)) -> Arpit Khanna | C8: Ashar | D8: Neha Shaikh | E8: LinkedIn | F8: 2nd Round Interview | G8: Rejected
A9: 45749 | B9: =INDEX(Applications!B:B,MATCH(C9,Applications!C:C,0)) -> Arpit Khanna | C9: Ashar | D9: Neha Shaikh | E9: LinkedIn | F9: 2nd Round Interview | G9: Selected
A10: 45743 | B10: =INDEX(Applications!B:B,MATCH(C10,Applications!C:C,0)) -> Arpit Khanna | C10: Ashar | D10: Neha Shaikh | E10: Referral | F10: One-Way-Interview | G10: Selected
A11: 45769 | B11: =INDEX(Applications!B:B,MATCH(C11,Applications!C:C,0)) -> Arpit Khanna | C11: Ashar | D11: Neha Shaikh | E11: Referral | F11: Screening Call | G11: Selected
A12: 45659 | B12: =INDEX(Applications!B:B,MATCH(C12,Applications!C:C,0)) -> Arpit Khanna | C12: Akhil | D12: Pranav | E12: Website | F12: 3rd Round Interview | G12: Rejected
A13: 45659 | B13: =INDEX(Applications!B:B,MATCH(C13,Applications!C:C,0)) -> Arpit Khanna | C13: Akhil | D13: Yashkumar Chandwani | E13: Naukri | F13: Screening Call | G13: Rejected
... A731: 46013 | B731: =INDEX(Applications!B:B,MATCH(C731,Applications!C:C,0)) -> Riya Sharma | C731: Deepak | D731: Sai Ram | E731: LinkedIn | F731: 1st Round Interview | G731: Placed

Sheet Applications
A1: Date | B1: TL | C1: Recruiter | D1: Candidate Name | E1: Applications
A2: March 20, 2025 | B2: Arpit Khanna | C2: Ashar | D2: Vinay Warrier | E2: 21
A3: 2025-03-20 | B3: Arpit Khanna | C3: Akhil | D3: Pranav | E3: 17
A4: 20.03.2025 | B4: Arpit Khanna | C4: Manish | D4: Nidhi S | E4: 38
A5: Mar 20 25 | B5: Dev Malhotra | C5: Aastha | D5: Revathy Sathyaprakasan | E5: 18
A6: 20/03/2025 | B6: Dev Malhotra | C6: Mahi | D6: Sai Vardhan Reddy | E6: 26
A7: 20-Mar-2025 | B7: Dev Malhotra | C7: Heena | D7: Keerthana Krishnan | E7: 16
A8: March 20, 2025 | B8: Riya Sharma | C8: Khushi | D8: Tsion | E8: 16
A9: 2025-03-20 | B9: Riya Sharma | C9: Anjali | D9: Aunsh Arekar | E9: 27
A10: 20.03.2025 | B10: Riya Sharma | C10: Deepak | D10: Lakshmi Vivek Jagabathina | E10: 34
A11: Mar 20 25 | B11: Riya Sharma | C11: Deepti | D11: Daniel | E11: 21
A12: 20/03/2025 | B12: Aman Verma | C12: Ankit | D12: Naveen Ajay | E12: 30
A13: 20-Mar-2025 | B13: Aman Verma | C13: Anuvab Chakraborty | D13: Sai Srinathreddy Sivareddy | E13: 21
... A701: Apr 30 25 | B701: Arpit Khanna | C701: Manish | D701: Eyasu | E701: 38

Sheet Lookup Table
A1: Recruiter Name | B1: TL Name
A2: Ashar | B2: Arpit Khanna
A3: Akhil | B3: Arpit Khanna
A4: Manish | B4: Arpit Khanna
A6: Aastha | B6: Dev Malhotra
A7: Mahi | B7: Dev Malhotra
A8: Heena | B8: Dev Malhotra
A10: Khushi | B10: Riya Sharma
A11: Anjali | B11: Riya Sharma
A12: Deepak | B12: Riya Sharma
A13: Deepti | B13: Riya Sharma
A15: Ankit | B15: Aman Verma
... A22: Adarsh Kumar | B22: Priya Singh
